{
  "name": "angularfire",
  "description": "The officially supported AngularJS binding for Firebase",
  "version": "1.2.0",
  "authors": [
    "Firebase <support@firebase.com> (https://www.firebase.com/)"
  ],
  "homepage": "https://github.com/firebase/angularfire",
  "repository": {
    "type": "git",
    "url": "https://github.com/firebase/angularfire.git"
  },
  "license": "MIT",
  "keywords": [
    "angular",
    "angularjs",
    "firebase",
    "realtime"
  ],
  "main": "dist/angularfire.js",
  "ignore": [
    "**/*",
    "!dist/*.js",
    "!README.md",
    "!LICENSE"
  ],
  "dependencies": {
    "angular": "^1.3.0",
    "firebase": "2.x.x"
  },
  "_release": "1.2.0",
  "_resolution": {
    "type": "version",
    "tag": "v1.2.0",
    "commit": "c0098262746f70e3f0afa40da88bf8fc73bc696b"
  },
  "_source": "https://github.com/firebase/angularFire.git",
  "_target": "^1.2.0",
  "_originalSource": "angularfire",
  "_direct": true
}